Workbook

Sheet Assumptions
A1: COGS Tech Analysis – Assumptions
A2: Parameter | B2: Value | C2: Unit | D2: Source / Note
A3: GHL Agency Unlimited | B3: 297 | C3: $/mese | D3: GoHighLevel pricing, May 2026
A4: ElevenLabs rate | B4: 0.08 | C4: $/min | D4: ElevenLabs outbound voice, May 2026
A5: Telnyx SIP rate | B5: 0.0075 | C5: $/min | D5: Average of $0.005–$0.01
A6: Instantly (shared) | B6: 42 | C6: $/mese | D6: Instantly.ai plan, May 2026
A7: Vercel / Cloudflare | B7: 0 | C7: $/mese | D7: Free tier
A8: EUR/USD | B8: 1 | C8: ratio | D8: 1:1 assumption for simplicity
A10: SalesMind Start – prezzo | B10: 650 | C10: €/mese | D10: Pack pricing
A11: SalesMind Pro – prezzo | B11: 1100 | C11: €/mese | D11: Pack pricing
A12: SalesMind Domination – prezzo | B12: 1800 | C12: €/mese | D12: Pack pricing
A13: AIVoice Max Enterprise – prezzo | B13: 3500 | C13: €/mese | D13: Pack pricing – stima
A15: SalesMind Start – min AI | B15: 0 | C15: min/mese | D15: No voice AI
A16: SalesMind Pro – min AI | B16: 100 | C16: min/mese | D16: Centro range 0-200
... A18: AIVoice Max Enterprise – min AI | B18: 1250 | C18: min/mese | D18: Centro range 500-2000

Sheet COGS Analysis
A1: COGS Tech Analysis – Pack Telesales AI
A2: Testo BLU = input modificabile | Testo NERO = formula calcolata | Testo VERDE = link da altro foglio
D3: SCENARIO: 10 CLIENTI ATTIVI | I3: SCENARIO: 20 CLIENTI ATTIVI
A4: Pack | B4: Prezzo (€/mese) | C4: Min AI/mese | D4: GHL 10 cli ($) | E4: ElevenLabs ($) | F4: Telnyx ($) | G4: Instantly 10 cli ($) | H4: COGS Totale 10 cli ($) | I4: Margine Lordo 10 cli (€) | J4: Margine % 10 cli | K4: GHL 20 cli ($) | L4: Instantly 20 cli ($) | M4: COGS Totale 20 cli ($) | N4: Margine Lordo 20 cli (€) | O4: Margine % 20 cli
A5: SalesMind Start | B5: =Assumptions!$B$8 -> 1 | C5: =Assumptions!$B$13 -> 3500 | D5: =Assumptions!$B$3/10 -> 29.7 | E5: =C5*Assumptions!$B$4 -> 280 | F5: =C5*Assumptions!$B$5 -> 26.25 | G5: =Assumptions!$B$6/10 -> 4.2 | H5: =D5+E5+F5+G5 -> 340.15 | I5: =B5-H5 -> -339.15 | J5: =IF(B5>0,(B5-H5)/B5,0) -> -339.15 | K5: =Assumptions!$B$3/20 -> 14.85 | L5: =Assumptions!$B$6/20 -> 2.1 | M5: =K5+E5+F5+L5 -> 323.2 | N5: =B5-M5 -> -322.2 | O5: =IF(B5>0,(B5-M5)/B5,0) -> -322.2
A6: SalesMind Pro | B6: =Assumptions!$B$9 -> 0 | C6: =Assumptions!$B$14 -> 0 | D6: =Assumptions!$B$3/10 -> 29.7 | E6: =C6*Assumptions!$B$4 -> 0 | F6: =C6*Assumptions!$B$5 -> 0 | G6: =Assumptions!$B$6/10 -> 4.2 | H6: =D6+E6+F6+G6 -> 33.9 | I6: =B6-H6 -> -33.9 | J6: =IF(B6>0,(B6-H6)/B6,0) -> 0 | K6: =Assumptions!$B$3/20 -> 14.85 | L6: =Assumptions!$B$6/20 -> 2.1 | M6: =K6+E6+F6+L6 -> 16.95 | N6: =B6-M6 -> -16.95 | O6: =IF(B6>0,(B6-M6)/B6,0) -> 0
A7: SalesMind Domination | B7: =Assumptions!$B$10 -> 650 | C7: =Assumptions!$B$15 -> 0 | D7: =Assumptions!$B$3/10 -> 29.7 | E7: =C7*Assumptions!$B$4 -> 0 | F7: =C7*Assumptions!$B$5 -> 0 | G7: =Assumptions!$B$6/10 -> 4.2 | H7: =D7+E7+F7+G7 -> 33.9 | I7: =B7-H7 -> 616.1 | J7: =IF(B7>0,(B7-H7)/B7,0) -> 0.94784615 | K7: =Assumptions!$B$3/20 -> 14.85 | L7: =Assumptions!$B$6/20 -> 2.1 | M7: =K7+E7+F7+L7 -> 16.95 | N7: =B7-M7 -> 633.05 | O7: =IF(B7>0,(B7-M7)/B7,0) -> 0.97392308
A8: AIVoice Max Enterprise | B8: =Assumptions!$B$11 -> 1100 | C8: =Assumptions!$B$16 -> 100 | D8: =Assumptions!$B$3/10 -> 29.7 | E8: =C8*Assumptions!$B$4 -> 8 | F8: =C8*Assumptions!$B$5 -> 0.75 | G8: =Assumptions!$B$6/10 -> 4.2 | H8: =D8+E8+F8+G8 -> 42.65 | I8: =B8-H8 -> 1057.35 | J8: =IF(B8>0,(B8-H8)/B8,0) -> 0.96122727 | K8: =Assumptions!$B$3/20 -> 14.85 | L8: =Assumptions!$B$6/20 -> 2.1 | M8: =K8+E8+F8+L8 -> 25.7 | N8: =B8-M8 -> 1074.3 | O8: =IF(B8>0,(B8-M8)/B8,0) -> 0.97663636

Sheet Dettaglio per Scenario
A1: Dettaglio COGS per Scenario – Breakdown Voci di Costo
A2: SCENARIO: 10 CLIENTI ATTIVI | H2: SCENARIO: 20 CLIENTI ATTIVI
A3: Pack | B3: GHL ($297/10) | C3: ElevenLabs ($) | D3: Telnyx ($) | E3: Instantly ($42/10) | F3: COGS Totale ($) | H3: Pack | I3: GHL ($297/20) | J3: ElevenLabs ($) | K3: Telnyx ($) | L3: Instantly ($42/20) | M3: COGS Totale ($)
A4: ='COGS Analysis'!A5 -> SalesMind Start | B4: =Assumptions!$B$3/10 -> 29.7 | C4: =Assumptions!$B$13*Assumptions!$B$4 -> 280 | D4: =Assumptions!$B$13*Assumptions!$B$5 -> 26.25 | E4: =Assumptions!$B$6/10 -> 4.2 | F4: =SUM(B4:E4) -> 340.15 | H4: ='COGS Analysis'!A5 -> SalesMind Start | I4: =Assumptions!$B$3/20 -> 14.85 | J4: =Assumptions!$B$13*Assumptions!$B$4 -> 280 | K4: =Assumptions!$B$13*Assumptions!$B$5 -> 26.25 | L4: =Assumptions!$B$6/20 -> 2.1 | M4: =SUM(I4:L4) -> 323.2
A5: ='COGS Analysis'!A6 -> SalesMind Pro | B5: =Assumptions!$B$3/10 -> 29.7 | C5: =Assumptions!$B$14*Assumptions!$B$4 -> 0 | D5: =Assumptions!$B$14*Assumptions!$B$5 -> 0 | E5: =Assumptions!$B$6/10 -> 4.2 | F5: =SUM(B5:E5) -> 33.9 | H5: ='COGS Analysis'!A6 -> SalesMind Pro | I5: =Assumptions!$B$3/20 -> 14.85 | J5: =Assumptions!$B$14*Assumptions!$B$4 -> 0 | K5: =Assumptions!$B$14*Assumptions!$B$5 -> 0 | L5: =Assumptions!$B$6/20 -> 2.1 | M5: =SUM(I5:L5) -> 16.95
A6: ='COGS Analysis'!A7 -> SalesMind Domination | B6: =Assumptions!$B$3/10 -> 29.7 | C6: =Assumptions!$B$15*Assumptions!$B$4 -> 0 | D6: =Assumptions!$B$15*Assumptions!$B$5 -> 0 | E6: =Assumptions!$B$6/10 -> 4.2 | F6: =SUM(B6:E6) -> 33.9 | H6: ='COGS Analysis'!A7 -> SalesMind Domination | I6: =Assumptions!$B$3/20 -> 14.85 | J6: =Assumptions!$B$15*Assumptions!$B$4 -> 0 | K6: =Assumptions!$B$15*Assumptions!$B$5 -> 0 | L6: =Assumptions!$B$6/20 -> 2.1 | M6: =SUM(I6:L6) -> 16.95
A7: ='COGS Analysis'!A8 -> AIVoice Max Enterprise | B7: =Assumptions!$B$3/10 -> 29.7 | C7: =Assumptions!$B$16*Assumptions!$B$4 -> 8 | D7: =Assumptions!$B$16*Assumptions!$B$5 -> 0.75 | E7: =Assumptions!$B$6/10 -> 4.2 | F7: =SUM(B7:E7) -> 42.65 | H7: ='COGS Analysis'!A8 -> AIVoice Max Enterprise | I7: =Assumptions!$B$3/20 -> 14.85 | J7: =Assumptions!$B$16*Assumptions!$B$4 -> 8 | K7: =Assumptions!$B$16*Assumptions!$B$5 -> 0.75 | L7: =Assumptions!$B$6/20 -> 2.1 | M7: =SUM(I7:L7) -> 25.7
A8: TOTALE / MEDIA | B8: =AVERAGE(B4:B7) -> 29.7 | C8: =AVERAGE(C4:C7) -> 72 | D8: =AVERAGE(D4:D7) -> 6.75 | E8: =AVERAGE(E4:E7) -> 4.2 | F8: =AVERAGE(F4:F7) -> 112.65 | H8: TOTALE / MEDIA | I8: =AVERAGE(I4:I7) -> 14.85 | J8: =AVERAGE(J4:J7) -> 72 | K8: =AVERAGE(K4:K7) -> 6.75 | L8: =AVERAGE(L4:L7) -> 2.1 | M8: =AVERAGE(M4:M7) -> 95.7
A10: CONFRONTO MARGINE LORDO (Prezzo – COGS)
A11: Pack | B11: Prezzo (€) | C11: COGS 10 cli ($) | D11: Marg. 10 cli (€) | E11: Marg. % 10 cli | G11: Pack | H11: Prezzo (€) | I11: COGS 20 cli ($) | J11: Marg. 20 cli (€) | K11: Marg. % 20 cli
A12: SalesMind Start | B12: =Assumptions!$B$8 -> 1 | C12: ='COGS Analysis'!H5 -> 340.15 | D12: =B12-C12 -> -339.15 | E12: =IF(B12>0,(B12-C12)/B12,0) -> -339.15 | G12: SalesMind Start | H12: =Assumptions!$B$8 -> 1 | I12: ='COGS Analysis'!M5 -> 323.2 | J12: =H12-I12 -> -322.2 | K12: =IF(H12>0,(H12-I12)/H12,0) -> -322.2
A13: SalesMind Pro | B13: =Assumptions!$B$9 -> 0 | C13: ='COGS Analysis'!H6 -> 33.9 | D13: =B13-C13 -> -33.9 | E13: =IF(B13>0,(B13-C13)/B13,0) -> 0 | G13: SalesMind Pro | H13: =Assumptions!$B$9 -> 0 | I13: ='COGS Analysis'!M6 -> 16.95 | J13: =H13-I13 -> -16.95 | K13: =IF(H13>0,(H13-I13)/H13,0) -> 0
A14: SalesMind Domination | B14: =Assumptions!$B$10 -> 650 | C14: ='COGS Analysis'!H7 -> 33.9 | D14: =B14-C14 -> 616.1 | E14: =IF(B14>0,(B14-C14)/B14,0) -> 0.94784615 | G14: SalesMind Domination | H14: =Assumptions!$B$10 -> 650 | I14: ='COGS Analysis'!M7 -> 16.95 | J14: =H14-I14 -> 633.05 | K14: =IF(H14>0,(H14-I14)/H14,0) -> 0.97392308
A15: AIVoice Max Enterprise | B15: =Assumptions!$B$11 -> 1100 | C15: ='COGS Analysis'!H8 -> 42.65 | D15: =B15-C15 -> 1057.35 | E15: =IF(B15>0,(B15-C15)/B15,0) -> 0.96122727 | G15: AIVoice Max Enterprise | H15: =Assumptions!$B$11 -> 1100 | I15: ='COGS Analysis'!M8 -> 25.7 | J15: =H15-I15 -> 1074.3 | K15: =IF(H15>0,(H15-I15)/H15,0) -> 0.97663636
