Workbook

Sheet Persona Matrix
A1: # | B1: Persona | C1: Target settore | D1: Età | E1: Fatturato cliente | F1: ICP location | G1: Universo IT | H1: ARPU annuo (€) | I1: Top pain point #1 | J1: Top pain point #2 | K1: Top pain point #3 | L1: Hook email subject | M1: Score Size (1-5) | N1: Score Accessibility (1-5) | O1: Score WTP (1-5) | P1: Score Strategic fit (1-5) | Q1: Score TOTAL | R1: Priority rank
A2: 1 | B2: Imprenditrice Agenzia (Adriana/Claudia) | C2: Agenzie marketing/consulting | D2: 38-55 | E2: €200k-1M | F2: Milano/Roma/Torino/BO/PD | G2: 5000 | H2: 27000 | I2: Vende+opera+gestisce, no deleghe | J2: Pipeline irregolare 2 mesi pieni 2 vuoti | K2: Setter junior interno fallito 6 mesi €30k | L2: 3 modi in cui [agenzia] potrebbe avere pipeline a luglio (senza farti vendere tu) | M2: 4 | N2: 4 | O2: 3 | P2: 4 | Q2: =SUM(M2:P2) | R2: 2
A3: 2 | B3: Founder Scale-up B2B (Filippo/Edoardo) | C3: SaaS B2B / Servizi mid | D3: 30-45 | E3: €500k-3M | F3: Milano/Roma/hub tech | G3: 3000 | H3: 54000 | I3: Pipeline coverage <3x, board pressing | J3: SDR team interno turnover + onboarding lungo | K3: Sales cycle 4-9 mesi, pipeline costante | L3: Quanto vi costa un appuntamento qualificato — benchmark 2026 per [SaaS B2B] | M3: 3 | N3: 3 | O3: 4 | P3: 4 | Q3: =SUM(M3:P3) | R3: 3
A4: 3 | B4: Infomarketer / Coach (Mik type) | C4: Infobusiness/coaching/corsi online | D4: 30-50 | E4: €500k-10M | F4: Italia digital hub | G4: 400 | H4: 130000 | I4: Database lead enorme non convertito (soldi sul tavolo) | J4: CAC Meta in salita; webinar funnel saturo | K4: Setter team interno turnover + brand drift | L4: Mik Cosentino sta riattivando 80.000 lead dormienti con AI italiana. Test su 1.000 dei tuoi? | M4: 2 | N4: 3 | O4: 5 | P4: 5 | Q4: =SUM(M4:P4) | R4: 1
A5: 4 | B5: Direttore Commerciale PMI manifatturiera | C5: Manifatturiero/distribuzione PMI | D5: 45-60 | E5: €5-50M | F5: Veneto/Lombardia/Emilia/Marche | G5: 10000 | H5: 45000 | I5: Agenti commerciali esterni mal-alimentati | J5: Acquisizione clienti rallentata post-Covid | K5: Setter junior interno costo €30-40k + churn | L5: Come 4 PMI metalmeccaniche stanno alimentando i loro agenti con 80 appuntamenti qualificati/mese | M5: 5 | N5: 2 | O5: 3 | P5: 3 | Q5: =SUM(M5:P5) | R5: 4

Sheet Prioritization
A1: Telesales Persona Prioritization Matrix
A3: Persona | B3: Score totale | C3: ARPU annuo | D3: Universo IT | E3: Priority rank
A4: ='Persona Matrix'!B2 | B4: ='Persona Matrix'!Q2 | C4: ='Persona Matrix'!H2 | D4: ='Persona Matrix'!G2 | E4: ='Persona Matrix'!R2
A5: ='Persona Matrix'!B3 | B5: ='Persona Matrix'!Q3 | C5: ='Persona Matrix'!H3 | D5: ='Persona Matrix'!G3 | E5: ='Persona Matrix'!R3
A6: ='Persona Matrix'!B4 | B6: ='Persona Matrix'!Q4 | C6: ='Persona Matrix'!H4 | D6: ='Persona Matrix'!G4 | E6: ='Persona Matrix'!R4
A7: ='Persona Matrix'!B5 | B7: ='Persona Matrix'!Q5 | C7: ='Persona Matrix'!H5 | D7: ='Persona Matrix'!G5 | E7: ='Persona Matrix'!R5
A9: Note: cross-link a Persona Matrix. Score = Size + Accessibility + WTP + Strategic Fit (max 20).
